{
    "observation.environment_state": {
        "min": [
            0.3605554401874542,
            0.3255443871021271,
            0.27957960963249207,
            -0.23258738219738007,
            0.8874270915985107,
            0.34215620160102844,
            -0.20323742926120758,
            0.3004205822944641,
            -0.36473914980888367,
            0.24702011048793793,
            0.8321201801300049,
            -0.5093547105789185,
            0.05517255514860153,
            -0.37470993399620056
        ],
        "max": [
            0.3605554401874542,
            0.3255443871021271,
            0.27957960963249207,
            -0.23258738219738007,
            0.8874270915985107,
            0.34215620160102844,
            -0.20323742926120758,
            0.3625333905220032,
            -0.2772110104560852,
            0.33306369185447693,
            0.8862332701683044,
            -0.1263289600610733,
            0.4291398227214813,
            -0.14471358060836792
        ],
        "mean": [
            0.360555499792099,
            0.3255443871021271,
            0.2795793116092682,
            -0.23258763551712036,
            0.8874276876449585,
            0.34215590357780457,
            -0.20323751866817474,
            0.3396693766117096,
            -0.31681740283966064,
            0.2872522175312042,
            0.864432692527771,
            -0.29776284098625183,
            0.22248606383800507,
            -0.2796260416507721
        ],
        "std": [
            0.0,
            0.0,
            0.00032296768040396273,
            0.0,
            0.0,
            0.00048059129039756954,
            0.0,
            0.017813902348279953,
            0.022320516407489777,
            0.025344807654619217,
            0.016061410307884216,
            0.12033780664205551,
            0.13176247477531433,
            0.06558976322412491
        ],
        "count": [
            94
        ],
        "q01": [
            0.3605554401874542,
            0.3255443871021271,
            0.27957960963249207,
            -0.23258738219738007,
            0.8874270915985107,
            0.34215620160102844,
            -0.20323742926120758,
            0.3004205822944641,
            -0.36473914980888367,
            0.24702011048793793,
            0.8321201801300049,
            -0.5093547105789185,
            0.05517255514860153,
            -0.37470993399620056
        ],
        "q10": [
            0.3605554401874542,
            0.3255443871021271,
            0.27957960963249207,
            -0.23258738219738007,
            0.8874270915985107,
            0.34215620160102844,
            -0.20323742926120758,
            0.3101151525974274,
            -0.34762915372848513,
            0.2532909750938416,
            0.8407609701156616,
            -0.4666550040245056,
            0.06447685956954956,
            -0.35113991498947145
        ],
        "q50": [
            0.3605554401874542,
            0.3255443871021271,
            0.27957960963249207,
            -0.23258738219738007,
            0.8874270915985107,
            0.34215620160102844,
            -0.20323742926120758,
            0.34433433413505554,
            -0.31850677728652954,
            0.28487929701805115,
            0.8673802614212036,
            -0.2599283456802368,
            0.23699542880058289,
            -0.29545319080352783
        ],
        "q90": [
            0.3605554401874542,
            0.3255443871021271,
            0.27957960963249207,
            -0.23258738219738007,
            0.8874270915985107,
            0.34215620160102844,
            -0.20323742926120758,
            0.36108741760253904,
            -0.2864434659481049,
            0.3222497344017029,
            0.8821920871734619,
            -0.16067869663238527,
            0.39582682847976686,
            -0.17863344848155976
        ],
        "q99": [
            0.3605554401874542,
            0.3255443871021271,
            0.27957960963249207,
            -0.23258738219738007,
            0.8874270915985107,
            0.34215620160102844,
            -0.20323742926120758,
            0.36252170860767363,
            -0.27722745478153227,
            0.33304752767086027,
            0.8862230730056763,
            -0.126400970518589,
            0.4290695351362228,
            -0.144756820499897
        ]
    },
    "action": {
        "min": [
            3.0111420154571533,
            0.9453483819961548,
            -1.5281198024749756,
            -1.3983440399169922,
            -0.3746699094772339,
            -0.5773243308067322,
            -3.1419479846954346,
            -0.001596484798938036,
            -0.00053611263865605,
            -0.0037876355927437544,
            -0.0012617623433470726,
            0.00031210979796014726,
            9.527371730655432e-05,
            3.183687925338745,
            1.2771090269088745,
            1.5276638269424438,
            -1.0629419088363647,
            1.570020318031311,
            -0.011877480894327164,
            1.5705134868621826,
            0.00012426706962287426,
            3.412637670408003e-05,
            0.00021518174617085606,
            5.676264481735416e-05,
            0.0003091106773354113,
            9.831683564698324e-05
        ],
        "max": [
            3.0282633304595947,
            1.2813009023666382,
            -1.406807541847229,
            -1.0671840906143188,
            2.1778202056884766,
            0.17474444210529327,
            -1.5637736320495605,
            0.004099345300346613,
            0.001349430764093995,
            0.0018814393552020192,
            0.0006138126482255757,
            0.00043043692130595446,
            0.0001423410139977932,
            3.183687925338745,
            1.2771090269088745,
            1.5276638269424438,
            -1.0629419088363647,
            1.570020318031311,
            -0.011877480894327164,
            1.5705134868621826,
            0.00012426706962287426,
            3.412637670408003e-05,
            0.00021518174617085606,
            5.676264481735416e-05,
            0.0003091106773354113,
            9.831683564698324e-05
        ],
        "mean": [
            3.018641710281372,
            1.1732361316680908,
            -1.4877203702926636,
            -1.2726634740829468,
            0.49468979239463806,
            -0.1636207103729248,
            -2.6667208671569824,
            0.00016536381735932082,
            4.643185093300417e-05,
            0.00021304535039234906,
            6.178520561661571e-05,
            0.0003611762367654592,
            0.00011609974899329245,
            3.1836860179901123,
            1.2771077156066895,
            1.527664065361023,
            -1.062942385673523,
            1.5700212717056274,
            -0.011877483688294888,
            1.5705121755599976,
            0.00012426722969394177,
            3.4126394893974066e-05,
            0.0002151819207938388,
            5.676267755916342e-05,
            0.00030911105568520725,
            9.831690113060176e-05
        ],
        "std": [
            0.0035210461355745792,
            0.08669914305210114,
            0.037285637110471725,
            0.07044462114572525,
            0.9032008051872253,
            0.2686920166015625,
            0.5889461040496826,
            0.0004837546148337424,
            0.00016006869554985315,
            0.0004964083200320601,
            0.00016472999413963407,
            3.308739542262629e-05,
            1.3553079043049365e-05,
            0.0029296875,
            0.0017263349145650864,
            0.0,
            0.0,
            0.0,
            6.607249360968126e-06,
            0.0015440809074789286,
            0.0,
            0.0,
            0.0,
            0.0,
            0.0,
            0.0
        ],
        "count": [
            94
        ],